CBO;DIT;FanIn ;FanOut ;LCOM;NOC;RFC;WMC;LOC;Attributes ;AttributesInherited ;Methods ;MethodsInherited ;Bugs 
9;2;1;9;15;0;34;20;122;1;8;6;19;0
1;1;1;0;0;0;1;1;4;2;0;1;8;0
114;1;102;18;190;6;156;176;484;131;249;20;8;1
5;6;1;4;10;0;18;12;33;0;61;5;207;0
23;2;1;22;820;0;174;115;673;7;416;41;8;0
2;1;1;1;1;0;4;2;16;12;0;2;8;0
6;4;2;4;78;0;46;23;87;4;96;13;88;0
2;1;2;0;1;0;2;2;9;4;0;2;8;0
11;3;2;9;105;0;50;64;250;9;119;15;40;0
4;3;3;1;6;1;5;3;9;3;3;4;17;0
6;2;3;4;105;0;51;25;95;5;95;15;68;0
8;2;4;4;15;0;14;10;42;6;0;6;23;0
5;7;1;4;3;0;22;14;42;0;397;3;124;0
12;3;4;8;78;0;125;93;387;16;143;13;40;0
1;2;1;0;136;0;18;19;53;15;2;17;41;0
4;2;3;1;3;0;4;4;14;2;0;3;15;0
63;3;36;33;351;2;172;148;624;30;391;27;42;3
1;1;1;1;6;1;5;6;20;1;0;4;8;0
1;2;1;0;1;2;2;0;0;0;5;2;19;0
36;2;18;23;190;2;244;276;1126;12;3;20;13;1
4;1;1;3;45;0;34;17;52;1;0;10;17;0
6;3;3;3;3;0;8;4;16;2;1;3;31;0
18;6;3;15;91;3;61;29;127;0;53;14;170;1
22;4;5;17;136;5;191;166;494;13;384;17;77;4
2;2;2;0;0;0;2;1;3;0;0;1;43;0
27;2;7;20;210;4;171;212;795;6;133;21;46;3
21;7;1;20;55;0;220;156;591;2;448;11;115;2
9;3;1;8;45;0;40;39;166;7;126;10;44;0
3;1;0;3;45;0;40;37;144;4;0;10;8;0
108;3;92;18;528;15;281;234;760;4;380;33;38;0
5;3;3;3;10;1;12;13;35;1;13;5;55;0
3;2;1;2;10;0;55;15;72;3;0;5;22;0
7;6;5;3;15;2;17;12;52;2;385;6;95;0
5;2;5;0;66;0;14;27;55;16;152;12;41;0
7;4;1;6;28;0;47;53;214;15;61;8;45;1
5;6;1;4;3;0;17;11;32;0;394;3;102;0
5;3;1;5;105;0;51;25;96;5;95;15;73;0
6;5;1;5;78;0;22;20;56;1;62;13;202;0
55;3;44;15;105;0;93;110;378;12;274;15;103;1
31;1;24;7;190;0;72;72;245;24;0;20;8;1
5;2;2;3;300;0;130;56;258;13;2;25;41;0
14;4;4;11;703;0;162;94;419;14;50;38;185;0
11;3;0;11;15;0;106;91;343;11;380;6;38;0
3;5;1;2;10;0;12;7;34;0;58;5;179;0
3;6;1;2;21;0;14;11;39;1;384;7;79;0
1;7;1;0;15;0;10;6;21;1;419;6;118;0
6;2;3;4;136;0;54;68;197;7;119;17;16;0
1;4;1;0;0;0;1;0;0;0;7;1;28;0
5;1;2;3;55;2;29;21;81;7;0;11;28;0
6;5;4;2;10;1;13;16;45;1;388;5;78;0
55;4;32;32;1275;1;446;456;1461;15;49;51;148;6
14;3;1;13;15;0;51;36;167;3;19;6;67;0
13;1;8;6;45;1;53;53;151;2;0;10;8;0
1;1;1;0;3;0;3;3;11;1;0;3;8;0
3;3;1;2;3;0;7;8;27;1;3;3;17;0
15;3;8;9;595;0;156;81;319;23;97;35;84;0
2;5;1;2;10;0;10;15;50;2;61;5;49;1
3;7;1;2;28;0;10;8;25;0;398;8;107;0
8;3;2;7;28;0;24;25;69;2;52;8;27;1
5;1;1;4;36;0;30;31;109;3;0;9;16;0
35;1;32;3;55;16;16;21;85;0;0;11;8;0
7;6;2;5;10;0;24;11;35;0;385;5;95;0
16;1;11;5;10;0;18;22;62;3;0;5;8;0
13;2;1;13;15;0;58;30;207;1;8;6;19;0
3;1;1;2;36;0;24;25;83;4;0;9;8;0
7;2;4;3;6;17;10;5;18;4;0;4;22;0
19;3;0;19;15;0;172;84;451;21;380;6;38;2
1;1;1;0;55;1;11;11;43;0;0;11;8;0
13;2;1;12;1;0;42;29;166;0;270;2;48;1
8;2;1;7;28;0;85;63;264;7;141;8;35;0
6;3;1;5;6;0;24;49;107;2;135;4;67;0
11;4;6;6;15;0;18;18;64;2;49;6;148;0
17;3;2;15;21;0;49;20;83;2;25;7;82;0
8;1;3;5;10;1;37;48;140;10;0;5;8;1
8;5;0;8;21;0;39;18;70;2;412;7;94;1
1;2;1;0;1;0;2;4;11;3;0;2;11;0
5;2;1;4;10;0;12;7;27;4;0;5;22;0
4;3;1;3;66;0;35;16;59;3;95;12;73;0
1;4;1;0;0;0;1;0;0;5;6;1;21;0
2;4;1;1;3;0;5;3;12;0;410;3;66;0
20;2;20;0;10;5;10;10;35;7;380;5;27;0
11;2;2;9;45;0;51;34;108;8;0;10;18;0
3;1;2;1;3;0;5;7;25;5;0;3;8;0
9;3;1;8;10;0;34;30;90;0;22;5;78;0
11;1;1;10;55;0;89;80;377;1;0;11;8;2
6;1;6;0;1;5;2;0;0;0;0;2;8;0
4;2;1;3;10;2;13;6;23;2;141;5;35;0
4;3;2;2;36;0;19;9;31;1;95;9;75;0
6;7;2;4;3;2;12;8;30;2;419;3;115;0
9;3;8;1;28;2;14;11;31;1;380;8;38;0
5;1;1;5;10;0;28;25;140;11;0;5;16;0
6;3;1;5;91;0;48;22;86;5;95;14;73;0
4;2;1;4;21;0;18;25;67;1;68;7;33;1
20;6;4;18;378;1;126;57;222;1;69;28;227;0
28;2;1;28;36;0;149;56;423;4;17;9;19;0
2;2;1;1;1;0;3;3;10;0;219;2;55;1
4;3;1;3;6;0;9;7;33;5;1;4;31;0
6;3;1;6;171;0;72;38;136;10;95;19;73;0
6;4;1;5;3;0;18;14;41;0;393;3;61;0
6;1;1;5;1;0;38;24;131;1;114;2;9;0
8;5;1;7;45;0;70;47;210;5;55;10;171;0
7;3;4;4;10;1;13;6;34;1;37;5;72;0
38;4;17;23;28;5;105;87;241;4;396;8;57;0
6;1;3;3;15;0;34;31;116;9;0;6;8;0
5;3;1;4;91;0;49;24;98;5;95;14;73;0
2;4;1;1;3;0;7;4;17;1;61;3;45;1
12;2;1;11;105;0;88;35;163;5;0;15;19;0
22;3;7;15;630;0;210;246;724;23;8;36;37;0
10;2;3;7;28;0;25;12;46;1;0;8;18;0
11;4;1;11;55;1;34;22;63;0;52;11;127;0
6;2;1;6;105;0;50;23;91;5;95;15;68;0
8;1;7;1;45;0;12;14;34;4;0;10;8;0
3;2;1;2;120;0;43;31;123;5;11;16;18;1
7;1;4;4;15;0;16;19;56;3;0;6;8;0
13;1;9;4;1;1;11;5;14;6;0;2;23;0
6;3;1;5;91;0;54;27;106;5;95;14;73;0
6;1;2;5;78;0;67;102;393;10;0;13;8;0
4;3;1;3;28;0;23;13;50;7;1;8;36;0
16;4;3;13;15;0;75;56;195;2;384;6;69;0
1;3;1;0;1;0;5;2;9;0;384;2;31;0
3;2;3;0;66;0;14;12;37;1;152;12;41;0
5;2;1;5;36;0;30;44;124;1;68;9;33;0
3;2;3;0;3;6;3;2;6;1;2;3;14;0
0;7;0;0;1;0;2;2;7;2;388;2;87;0
1;2;1;1;21;0;17;25;74;2;68;7;33;0
4;1;2;2;55;0;33;36;118;4;0;11;8;0
26;2;1;26;190;0;176;175;526;4;68;20;33;3
2;1;2;0;10;0;5;5;18;4;0;5;16;0
1;2;1;0;0;0;1;1;3;0;11;1;47;0
3;3;1;2;66;0;35;16;60;3;95;12;73;0
15;2;2;13;15;1;104;46;223;4;18;6;62;1
18;2;7;11;136;4;81;56;165;4;18;17;62;0
5;1;3;2;3;0;12;12;77;2;0;3;8;1
7;7;1;6;15;1;17;10;38;0;386;6;97;1
15;1;10;6;120;1;122;93;383;10;0;16;16;0
6;2;0;6;21;0;23;39;142;16;0;7;11;0
62;4;58;5;105;0;47;32;124;4;97;15;79;0
4;1;2;2;21;0;32;24;233;12;14;7;8;0
25;1;7;21;465;0;319;196;661;14;0;31;0;0
7;4;1;7;136;0;57;26;98;5;99;17;100;0
3;1;1;2;45;0;20;18;64;4;0;10;8;0
17;1;4;13;66;1;54;38;144;6;48;12;11;1
6;3;1;5;91;0;53;27;107;5;95;14;73;0
1;1;1;0;10;2;5;4;12;0;5;5;14;0
22;1;5;18;55;2;89;51;242;5;0;11;8;0
23;5;13;11;28;2;56;38;132;1;397;8;64;0
10;2;1;9;36;0;44;32;186;5;0;9;11;0
9;2;0;9;66;0;54;26;89;5;2;12;41;0
2;2;1;2;496;0;68;43;145;2;8;32;46;0
12;3;2;11;36;0;60;40;155;1;5;9;21;0
1;4;1;0;3;1;3;3;9;0;37;3;85;0
1;1;1;0;45;0;27;18;55;3;0;10;8;0
61;1;44;17;171;0;143;120;513;6;12;19;8;1
1;2;0;1;1;0;6;4;9;1;1;2;18;0
20;4;5;15;300;0;78;55;222;7;52;25;129;1
21;3;7;15;28;4;59;69;198;2;408;8;58;2
5;8;4;2;15;0;11;7;26;1;82;6;319;0
1;1;1;0;0;0;1;1;4;2;0;1;8;0
11;4;3;8;28;0;35;16;62;0;28;8;91;0
12;2;1;11;21;0;61;31;156;0;5;7;19;0
9;1;0;9;1225;0;374;1169;3449;107;114;50;20;0
16;3;12;4;45;0;32;30;97;3;380;10;38;0
102;1;17;90;1431;0;572;419;1531;27;0;54;9;5
26;3;10;17;105;2;127;104;364;13;380;15;46;1
12;3;9;3;66;0;37;19;72;3;95;12;76;0
11;1;5;7;120;0;65;50;258;28;0;16;8;0
3;2;2;1;1;0;5;3;9;1;1;2;18;0
6;1;3;3;3;0;13;7;27;2;0;3;8;0
3;1;2;2;10;0;10;8;30;2;0;5;8;0
4;2;1;3;6;0;7;4;17;5;1;4;11;0
39;1;1;39;666;0;917;659;2557;50;23;37;8;2
6;6;0;6;36;0;64;47;266;6;415;9;117;0
5;3;3;2;3;0;6;5;22;3;1;3;31;0
4;1;1;3;1;0;5;2;12;2;0;2;8;0
5;2;2;3;3;0;10;9;30;0;8;3;19;0
43;4;22;23;496;0;118;79;235;2;51;32;157;1
39;3;32;10;253;3;64;74;251;1;34;23;24;3
3;4;1;2;6;0;8;6;24;1;35;4;47;0
2;3;1;1;1;0;7;4;12;0;387;2;32;0
2;5;1;1;1;0;4;2;10;0;400;2;65;0
3;2;3;0;6;0;4;4;13;3;28;4;16;0
8;2;4;4;10;0;15;12;35;1;18;5;62;0
1;4;1;0;6;0;4;4;13;3;3;4;38;1
19;7;1;18;78;0;226;140;551;2;426;13;124;2
18;3;1;17;276;0;169;207;768;8;135;24;67;0
5;3;3;2;28;0;18;8;29;1;95;8;73;0
4;2;2;2;3;0;5;5;14;2;0;3;15;0
12;1;10;2;15;0;12;8;28;2;0;6;10;0
48;7;10;43;1540;1;367;177;698;5;81;56;263;1
1;2;1;0;0;0;1;1;3;0;2;1;33;0
3;3;1;2;3;0;5;5;21;3;1;3;31;0
0;1;0;0;20706;0;204;204;612;0;0;204;212;1
8;5;4;4;91;3;29;21;78;0;384;14;77;0
24;1;6;19;120;3;125;73;407;17;11;16;9;1
28;1;18;11;351;4;92;108;379;16;125;27;8;2
4;7;1;3;3;0;20;9;36;2;397;3;124;0
12;2;1;11;15;0;49;26;120;2;18;6;62;0
9;4;0;9;6;0;28;16;72;0;384;4;41;0
7;2;4;4;171;0;62;86;238;15;119;19;16;0
23;2;4;20;276;1;135;86;305;9;3;24;25;0
4;3;1;3;6;0;11;27;80;1;388;4;33;0
2;3;1;1;3;0;5;5;23;3;1;3;31;0
12;3;4;9;45;1;37;30;110;3;3;10;17;0
9;2;4;5;66;1;61;29;92;3;0;12;13;0
6;3;1;5;136;0;61;29;117;9;95;17;73;0
13;1;0;13;351;0;368;449;2262;45;131;27;8;0
150;1;135;18;1830;19;209;206;657;102;0;61;8;0
2;1;1;1;45;1;11;12;48;11;0;10;8;1
11;3;0;11;15;0;69;45;192;6;380;6;38;0
7;3;1;6;105;0;85;57;220;3;95;15;73;1
4;1;3;1;10;0;11;17;47;4;0;5;8;0
13;1;12;1;6;0;8;4;40;0;0;4;8;0
39;1;4;36;190;0;211;148;712;5;0;20;8;1
3;1;1;2;1;0;16;7;23;0;0;2;8;0
6;2;3;4;45;1;51;50;121;4;58;10;24;0
2;2;1;1;1;0;4;2;24;3;28;2;25;0
2;1;1;1;10;0;8;8;27;3;0;5;8;0
32;6;10;22;210;5;277;253;787;5;414;21;94;6
38;3;27;16;595;6;177;92;327;0;35;35;83;0
8;3;8;0;1;0;2;4;8;2;37;2;72;0
2;6;2;1;3;0;5;3;13;2;68;3;210;0
4;2;1;3;36;0;25;12;48;3;3;9;27;0
4;1;1;3;15;0;17;32;88;3;0;6;8;0
16;1;9;7;276;1;79;49;276;7;0;24;16;0
2;6;2;0;0;0;2;1;7;2;67;1;58;1
25;1;23;2;55;0;31;45;127;4;0;11;16;0
23;4;18;5;21;0;23;13;48;2;49;7;148;0
24;5;11;13;45;4;82;34;178;1;52;10;161;0
2;4;2;0;1;0;2;1;4;1;6;2;25;0
41;1;9;33;210;0;170;89;426;19;0;21;8;1
1;6;1;0;10;1;5;4;12;1;11;5;47;0
17;1;15;2;15;2;13;13;47;2;0;6;8;0
6;2;4;2;28;0;26;15;59;2;5;8;13;0
10;6;1;9;15;0;87;56;230;2;415;6;117;0
7;2;1;6;1;0;14;6;35;0;52;2;25;1
2;3;1;1;66;0;33;16;59;3;95;12;73;0
11;2;5;6;45;0;38;15;68;4;1;10;12;0
2;1;2;0;3;0;3;3;10;5;0;3;16;0
13;3;1;12;300;0;130;129;495;3;170;25;67;5
8;1;6;2;21;3;20;14;44;2;0;7;8;0
87;2;72;21;276;2;157;169;546;12;262;24;80;1
84;1;68;30;703;0;312;321;1069;27;140;38;8;3
17;2;10;7;120;6;38;19;74;3;95;16;68;0
4;3;1;3;120;0;65;35;141;7;95;16;73;0
25;3;17;11;45;2;41;49;177;9;34;10;24;0
51;1;36;17;1431;14;244;141;528;18;0;54;8;0
31;3;2;29;171;1;278;125;516;3;34;19;78;1
7;3;4;3;190;0;63;33;127;7;95;20;82;0
4;3;3;2;21;0;15;12;46;1;7;7;22;0
16;3;2;14;36;0;61;26;102;2;22;9;78;0
8;5;1;7;6;0;25;24;65;0;397;4;94;0
14;2;11;6;136;1;54;45;136;6;153;17;16;4
14;1;0;14;6;0;59;32;121;6;0;4;9;0
6;2;4;2;105;0;40;19;70;24;95;15;68;0
23;2;15;9;666;0;120;100;344;16;95;37;68;0
5;3;1;4;66;0;39;19;72;3;95;12;73;0
13;2;2;12;91;0;50;36;112;11;1;14;12;0
24;3;19;7;276;0;70;61;190;6;40;24;71;0
4;1;3;1;45;0;26;41;177;276;0;10;8;2
10;4;1;9;15;0;32;20;66;2;384;6;69;0
15;4;2;14;741;0;195;85;328;4;50;39;176;0
8;1;6;2;45;0;24;30;117;4;0;10;16;0
0;1;0;0;1;1;2;0;0;5;0;2;8;0
78;3;2;76;21115;0;1156;1148;4390;94;427;206;96;1
4;3;1;4;28;0;21;27;65;0;69;8;37;1
7;3;5;2;78;0;31;16;59;13;95;13;76;0
5;2;4;1;66;0;14;13;39;1;152;12;41;0
3;1;1;2;6;0;9;5;17;2;14;4;11;0
21;2;11;11;1378;4;194;125;482;24;7;53;35;0
9;2;4;6;66;2;30;20;57;2;0;12;5;0
0;7;0;0;1;0;2;2;7;2;386;2;86;0
9;2;1;9;21;0;77;39;255;0;19;7;15;0
4;3;1;4;105;0;55;28;109;5;95;15;73;0
1;3;1;0;1;0;3;2;7;1;23;2;28;0
2;2;1;1;36;0;21;11;42;3;0;9;11;0
13;4;7;6;55;1;31;16;57;2;52;11;127;0
6;2;2;4;91;0;37;29;131;14;13;14;31;0
1;1;1;0;0;0;1;1;3;5;0;1;23;0
12;3;8;4;15;2;13;6;22;2;95;6;73;0
6;1;5;1;66;0;66;51;136;1;17;12;0;0
7;5;1;6;55;0;38;25;91;1;384;11;87;0
4;1;1;3;28;0;18;24;94;3;0;8;16;0
14;1;12;2;3;0;11;24;80;18;0;3;8;0
14;3;1;13;153;0;65;21;104;0;8;18;46;0
3;2;1;2;28;0;13;12;51;7;0;8;25;0
5;1;5;0;28;3;12;7;27;6;78;8;8;0
14;2;1;13;2080;1;237;223;681;4;402;65;8;0
6;3;3;3;66;0;37;19;71;3;95;12;73;0
3;1;3;0;45;0;10;0;0;0;0;10;8;0
1;3;1;0;1;0;2;2;7;1;37;2;72;1
4;3;1;3;91;0;51;27;109;5;95;14;73;0
1;6;0;1;3;0;7;3;13;2;386;3;85;0
9;2;0;9;21;0;36;30;103;1;33;7;82;0
47;4;27;27;903;2;273;134;554;3;59;43;160;1
3;1;0;3;3;0;8;6;19;1;0;3;8;0
33;4;19;16;45;3;94;118;357;5;384;10;69;1
7;6;2;5;15;1;34;25;87;4;394;6;107;1
6;7;1;5;3;0;23;15;40;0;419;3;115;0
22;1;6;16;903;0;273;133;474;12;0;43;8;0
6;3;1;5;21;0;17;9;32;0;380;7;38;0
50;1;18;37;1891;1;1095;1042;6113;22;249;62;8;6
18;1;2;17;55;0;159;108;469;8;0;11;8;1
6;5;1;5;36;3;29;19;72;2;384;9;76;0
36;1;30;7;861;0;294;225;841;54;0;42;8;1
4;4;1;4;10;0;12;13;26;1;14;5;59;0
5;2;2;3;136;0;30;53;191;9;219;17;55;0
6;2;6;1;28;6;10;8;24;0;95;8;68;0
0;1;0;0;91;0;14;14;42;0;0;14;22;0
6;1;6;0;0;0;1;1;3;1;0;1;22;0
5;1;1;4;6;0;15;15;51;2;0;4;8;0
47;1;38;9;1225;4;374;1169;3449;107;114;50;8;1
12;5;5;7;36;0;32;23;81;4;400;9;65;0
11;3;5;7;171;0;75;40;155;10;95;19;73;0
2;5;2;0;0;0;2;1;7;2;83;1;57;1
141;1;137;4;561;0;91;262;845;3;0;34;8;0
6;2;1;5;21;0;32;39;136;1;10;7;15;0
16;2;1;15;171;0;221;191;707;10;52;19;25;0
40;2;22;21;253;0;128;174;536;23;391;23;31;2
2;6;1;1;10;0;12;8;28;0;415;5;93;0
4;3;1;3;15;0;11;6;20;1;9;6;42;0
5;2;1;5;10;0;30;35;69;1;68;5;33;1
51;1;50;3;703;2;60;20;66;8;0;38;8;0
15;3;12;3;55;0;29;13;47;3;95;11;73;0
6;2;3;4;136;0;60;31;121;8;95;17;68;0
12;1;1;11;10;0;62;43;145;3;0;5;8;1
8;6;2;6;28;0;34;20;71;5;385;8;95;0
9;3;5;4;91;0;45;23;87;3;95;14;76;0
1;4;1;0;3;0;3;3;11;2;3;3;38;1
10;2;9;1;28;1;10;5;16;2;2;8;11;1
12;1;1;11;15;0;25;15;63;2;0;6;8;0
13;1;0;13;23005;0;1156;265;1585;17;0;215;212;2
5;3;1;4;66;0;39;19;72;3;95;12;73;0
3;3;3;0;1;4;2;2;6;1;2;2;36;1
5;6;1;4;3;0;13;8;32;1;389;3;83;0
6;2;1;5;36;0;30;24;75;2;0;9;11;0
1;2;0;1;3;0;5;4;10;2;0;3;13;0
3;2;3;0;66;0;14;12;37;1;152;12;41;0
1;4;1;0;0;3;1;0;0;1;7;1;25;0
4;3;1;3;6;0;10;7;31;3;1;4;32;0
9;3;3;6;136;0;63;35;125;7;97;17;84;0
3;5;2;1;3;0;5;3;10;1;52;3;138;0
1;4;1;0;3;1;3;3;9;0;34;3;84;0
4;2;1;3;21;3;11;8;23;1;4;7;33;0
6;4;1;5;3;0;16;9;31;1;410;3;66;0
8;3;2;7;276;0;104;54;208;14;95;24;73;0
1;1;1;0;0;0;1;1;3;2;0;1;23;0
5;1;4;1;6;0;8;4;17;2;0;4;8;0
43;4;36;10;153;3;72;48;144;0;384;18;69;0
3;1;3;0;3;0;4;4;9;7;0;3;8;0
3;2;1;2;3;0;7;10;31;3;219;3;55;0
13;2;7;7;136;0;66;36;130;8;95;17;68;0
13;3;2;11;21;0;46;34;96;2;380;7;38;0
2;1;2;0;3;18;3;3;9;0;0;3;8;0
7;4;6;2;21;3;13;5;25;0;384;7;69;0
8;4;8;0;1;0;2;2;9;2;35;2;47;0
27;1;15;24;300;11;157;209;580;29;39;25;8;1
12;1;2;10;36;2;45;59;230;13;0;9;9;1
0;1;0;0;45;0;10;9;27;1;0;10;15;0
55;1;2;53;2080;0;680;470;1947;12;0;65;8;1
22;5;2;20;36;2;153;117;414;2;392;9;93;1
2;4;1;1;1;2;3;12;34;6;61;2;45;0
14;3;3;11;91;0;111;79;289;11;5;14;21;1
24;1;21;3;45;0;27;36;103;3;0;10;16;0
10;3;4;6;210;4;61;33;146;5;38;21;118;0
13;4;2;11;780;0;162;104;404;13;50;40;189;0
4;5;1;3;6;0;16;5;24;0;397;4;64;0
24;2;8;17;55;3;172;269;708;8;380;11;27;3
22;2;1;22;1653;0;361;271;952;16;6;58;67;1
2;1;2;0;10;1;5;4;12;0;0;5;8;0
4;3;1;3;66;0;35;16;59;3;95;12;73;0
1;2;1;0;0;0;1;1;4;1;10;1;13;1
38;1;33;5;15;0;30;12;52;2;0;6;0;0
4;1;3;1;15;0;13;19;56;3;0;6;8;0
1;2;1;0;0;0;1;1;3;0;2;1;33;0
8;2;1;8;6;0;48;21;83;1;18;4;62;0
12;2;1;11;253;0;66;64;285;23;8;23;40;0
9;5;1;8;55;0;70;37;158;2;384;11;77;0
7;2;2;5;6;0;25;13;44;1;0;4;39;0
32;7;3;31;465;1;241;118;529;4;69;31;240;1
1;3;1;0;10;0;13;10;28;1;405;5;73;0
8;2;3;6;136;0;60;28;109;7;95;17;68;0
0;1;0;0;15;3;6;6;18;0;0;6;8;0
6;5;2;4;6;0;12;9;28;0;37;4;88;0
4;1;1;4;15;0;19;19;52;1;0;6;8;0
10;1;6;5;10;2;13;4;17;0;0;5;8;0
5;1;1;5;36;0;26;14;44;2;0;9;8;0
4;1;3;1;45;1;21;13;69;2;0;10;8;0
10;4;6;5;55;2;30;16;56;3;52;11;128;1
5;2;2;3;36;2;22;22;82;8;0;9;15;0
7;1;3;5;21;2;25;7;104;5;0;7;8;0
13;3;1;12;91;0;110;51;231;3;58;14;34;0
16;2;1;16;231;0;90;71;232;8;6;22;30;0
4;2;2;2;190;0;31;58;164;12;563;20;24;0
0;1;0;0;0;0;1;1;3;9;0;1;22;0
24;2;2;23;210;0;322;215;706;9;19;21;37;1
2;3;1;1;3;0;8;4;17;0;384;3;31;0
29;3;19;13;351;7;83;50;171;1;35;27;76;0
3;8;1;2;3;0;10;5;16;0;386;3;103;0
6;2;1;5;78;0;32;24;77;3;0;13;5;0
6;3;0;6;231;0;61;44;154;8;5;22;27;0
4;5;1;3;3;0;13;5;20;2;400;3;65;0
4;2;4;0;66;0;14;12;36;1;152;12;41;0
4;1;1;3;15;0;17;32;88;3;0;6;8;0
21;2;5;16;15;0;57;51;209;13;3;6;12;0
29;1;1;29;136;0;215;162;462;2;39;17;8;1
10;4;1;9;3;0;19;7;27;2;11;3;64;0
16;2;1;15;15;0;57;52;216;2;3;6;12;0
4;1;1;3;28;0;17;16;50;4;0;8;8;0
16;2;1;15;105;0;61;43;155;7;6;15;23;0
6;2;1;6;66;1;126;84;276;5;55;12;27;0
4;1;0;4;0;0;25;3;73;0;0;1;0;0
4;1;2;2;45;0;33;43;156;13;0;10;8;0
12;6;1;11;15;1;27;17;76;2;384;6;91;0
2;8;1;1;10;0;8;6;17;3;429;5;120;0
14;2;1;14;465;0;85;86;290;14;6;31;39;0
33;3;6;29;105;0;145;118;437;2;408;15;58;3
14;2;2;12;10;0;58;19;87;2;18;5;62;0
7;1;0;7;15;0;31;24;128;13;15;6;8;1
4;2;1;3;6;2;13;15;36;1;68;4;33;1
8;2;1;7;66;0;63;41;136;4;18;12;18;0
7;1;1;7;21;0;36;35;99;5;0;7;8;0
21;3;2;19;21;0;99;79;334;16;380;7;38;1
2;1;1;1;6;1;10;7;16;3;0;4;8;1
26;1;26;0;595;1;35;35;105;0;0;35;8;0
4;1;1;3;105;0;52;89;325;16;0;15;8;0
1;3;1;0;0;0;1;0;0;3;4;1;19;0
1;1;1;0;10;0;11;7;29;34;0;5;22;0
9;2;3;6;78;1;42;32;101;5;0;13;18;0
4;4;1;3;10;0;14;17;35;1;14;5;60;0
5;3;2;3;6;0;11;16;33;4;5;4;31;0
128;2;126;11;1596;3;197;273;773;12;28;57;16;3
4;3;1;3;6;0;10;7;23;1;143;4;40;0
18;3;1;17;21;0;63;32;163;4;380;7;38;2
2;5;0;2;36;1;20;16;54;9;61;9;49;1
2;1;2;0;0;0;1;0;0;0;0;1;8;0
2;3;1;1;1;0;7;4;11;0;387;2;32;0
7;1;2;5;78;0;46;18;82;1;0;13;8;0
6;4;2;4;6;0;16;10;29;0;384;4;48;0
13;5;1;12;10;0;73;49;184;2;421;5;93;1
7;1;5;2;15;1;19;12;39;3;0;6;8;0
9;3;2;8;406;0;114;85;368;4;8;29;41;0
13;4;1;12;3;0;32;13;61;7;61;3;45;0
4;2;1;3;28;0;21;14;49;7;0;8;26;0
3;2;1;2;3;0;14;8;62;1;0;3;13;0
2;5;1;1;1;0;4;3;14;1;400;2;65;0
5;4;1;4;3;0;16;11;34;0;393;3;61;0
23;1;5;18;10;0;85;50;200;4;0;5;8;0
2;1;1;1;3;0;11;7;24;2;0;3;10;0
7;1;3;4;45;0;27;36;103;3;0;10;16;0
34;2;4;32;2080;0;547;218;907;12;0;65;13;2
17;3;2;15;55;2;81;74;217;4;380;11;38;1
2;2;2;0;0;0;1;1;3;0;2;1;33;0
3;3;1;2;3;0;5;5;21;3;1;3;31;0
19;1;3;16;36;0;116;79;271;6;12;9;11;0
10;3;6;4;91;0;47;22;88;6;95;14;76;0
5;2;2;3;1;0;18;12;50;3;0;2;39;0
6;2;3;3;15;0;11;10;23;1;0;6;13;0
29;1;6;25;171;0;244;181;691;13;12;19;8;0
8;8;3;5;21;0;24;34;115;3;507;7;120;1
17;1;14;3;45;0;26;33;122;4;0;10;16;0
16;7;3;13;36;2;115;91;296;1;387;9;101;1
19;1;4;16;190;0;76;43;332;17;26;20;8;0
9;4;0;9;6;0;29;17;75;0;384;4;41;0
8;3;1;7;15;0;28;13;44;2;380;6;38;0
42;6;6;39;1128;1;258;121;480;0;69;48;250;0
3;2;1;2;28;0;24;20;127;8;0;8;25;0
7;1;0;7;6;0;28;14;50;2;0;4;0;0
46;1;21;27;946;0;567;396;1340;43;5;44;21;4
6;3;1;5;36;0;28;12;50;0;38;9;116;0
1;5;0;1;36;0;14;12;40;4;61;9;49;1
21;3;3;20;45;0;82;55;251;3;3;10;17;1
1;7;1;0;1;0;2;1;3;3;12;2;52;0
2;6;1;1;6;0;11;4;29;0;386;4;85;0
4;1;3;1;28;0;16;9;28;2;0;8;8;0
1;6;1;0;10;0;5;4;13;1;11;5;47;0
8;6;4;5;15;2;21;12;62;1;386;6;95;0
25;2;1;24;1711;0;308;138;1200;11;402;59;8;0
2;1;2;0;3;0;7;4;15;2;0;3;23;0
2;7;1;1;28;0;26;18;55;1;396;8;102;0
5;4;4;1;300;4;63;73;1520;1;411;25;69;0
1;1;0;1;1;0;3;2;6;1;0;2;9;0
5;5;5;0;1;0;3;2;7;1;55;2;139;0
6;3;1;6;120;0;59;27;110;7;95;16;73;0
40;2;3;38;630;1;252;99;525;15;0;36;36;1
9;6;2;7;10;2;29;17;66;3;385;5;95;0
15;2;2;14;78;0;89;66;269;3;19;13;37;1
13;1;6;7;861;2;329;426;1399;58;78;42;8;7
3;8;3;1;10;0;8;6;23;1;69;5;243;0
23;1;19;6;78;0;52;53;134;7;0;13;8;1
17;1;11;9;66;0;86;51;192;5;0;12;8;3
2;3;1;1;66;0;28;14;52;3;95;12;73;0
18;2;3;15;561;1;263;159;629;2;5;34;10;1
7;2;2;6;6;0;14;10;28;7;0;4;13;0
29;2;26;3;28;2;15;11;35;6;28;8;16;0
15;1;2;13;15;0;67;19;152;1;0;6;8;0
12;1;10;2;28;0;21;15;52;1;0;8;8;0
94;4;52;50;4753;1;664;344;1607;9;63;98;177;4
13;2;5;9;36;1;47;36;139;9;141;9;35;2
22;2;1;22;91;0;107;117;343;3;68;14;33;2
15;2;4;11;91;0;120;89;286;6;45;14;4;0
5;2;1;4;91;0;53;27;107;5;95;14;68;0
3;7;1;2;6;0;12;4;14;0;387;4;101;0
12;4;2;10;28;0;38;17;64;1;28;8;91;0
6;1;1;5;231;1;83;62;275;11;0;22;25;0
5;2;1;5;21;0;16;27;57;1;68;7;33;1
4;1;2;2;1;2;7;4;15;6;12;2;16;0
3;1;0;3;10;0;8;13;26;3;14;5;11;0
4;3;1;4;78;0;39;23;76;6;95;13;73;0
12;1;6;7;351;1;106;54;269;12;19;27;0;0
3;1;1;2;45;0;24;30;117;4;0;10;16;0
5;2;1;5;3;0;17;15;49;4;8;3;19;0
49;2;3;46;120;0;265;229;1189;22;13;16;19;1
8;2;5;3;10;1;12;7;21;4;28;5;16;0
3;2;1;2;28;0;17;20;56;0;6;8;11;0
2;2;1;1;3;0;4;3;11;1;68;3;33;0
10;2;4;7;10;0;28;15;58;3;3;5;10;1
15;6;1;14;21;0;132;75;336;2;423;7;107;0
5;1;4;1;21;0;12;7;28;3;0;7;8;0
1;4;1;0;1;0;2;1;3;0;4;2;21;0
2;2;0;2;10;0;16;8;23;1;54;5;19;1
17;1;14;3;300;6;43;54;172;4;0;25;8;0
4;1;2;3;21;0;17;13;35;1;3;7;12;0
15;1;7;8;28;3;56;22;126;6;0;8;11;0
4;4;2;2;6;0;7;6;16;1;3;4;38;2
12;5;2;10;15;1;74;53;174;3;397;6;94;0
10;3;9;1;91;0;17;55;163;2;40;14;71;0
7;3;5;3;105;0;43;21;80;5;95;15;76;0
3;3;1;2;3;0;6;5;22;3;1;3;31;0
8;2;0;8;28;0;34;19;52;0;2;8;18;0
108;1;49;93;7381;0;347;182;804;17;0;122;8;0
11;2;1;10;153;0;66;86;321;12;0;18;11;0
2;4;1;1;1;0;3;2;10;2;421;2;68;0
6;1;1;5;36;0;31;33;118;3;0;9;16;0
6;6;0;6;21;1;20;47;128;1;385;7;79;0
4;1;2;2;21;0;17;26;79;4;0;7;8;0
10;4;1;9;15;1;37;18;72;3;384;6;69;0
5;3;1;4;78;0;42;20;97;3;95;13;73;0
11;1;9;2;6;0;10;10;35;5;0;4;8;0
1;1;1;0;1;0;2;2;8;3;0;2;8;0
2;1;0;2;3;0;15;8;29;2;0;3;0;0
5;5;2;3;36;1;30;29;63;7;67;9;47;1
2;1;1;1;6;0;10;13;41;3;0;4;8;0
5;5;1;4;15;0;14;8;29;1;70;6;264;0
15;1;7;8;78;0;37;14;54;1;0;13;8;0
4;1;0;4;55;0;34;18;117;9;0;11;8;0
1;4;1;0;0;0;1;1;5;1;35;1;47;0
7;2;7;0;15;0;7;7;19;3;152;6;41;0
12;1;8;4;55;0;37;41;144;4;0;11;16;0
1;4;1;0;0;0;1;0;0;0;7;1;25;0
4;3;1;4;91;0;51;27;106;5;95;14;73;0
10;1;1;9;28;0;57;33;157;1;0;8;8;0
1;1;1;0;946;0;45;44;169;20;0;44;28;0
24;2;1;23;120;0;100;63;190;4;6;16;24;2
3;8;3;1;10;0;8;6;23;1;73;5;267;0
8;1;1;7;6;0;20;9;37;2;0;4;8;0
10;8;5;8;66;0;31;16;59;4;69;12;304;0
3;7;1;2;6;0;12;4;13;2;387;4;101;0
10;4;4;6;28;0;27;23;60;2;396;8;57;0
5;6;1;4;1;0;9;4;15;0;388;2;81;0
3;2;1;2;21;0;10;8;26;1;4;7;33;0
12;1;6;6;105;0;81;66;189;15;0;15;8;0
3;1;2;1;6;0;21;12;55;0;0;4;8;0
7;3;4;3;28;0;18;75;312;0;20;8;84;0
12;4;10;2;28;4;18;13;42;0;384;8;69;1
20;3;4;16;45;4;83;27;126;3;25;10;82;1
5;3;3;2;3;0;6;5;22;3;1;3;31;0
3;1;1;2;45;0;39;37;143;4;0;10;8;0
19;1;11;8;91;0;109;69;219;3;0;14;8;1
5;2;5;0;10;0;6;5;27;1;152;5;41;0
91;1;91;0;28;6;10;6;18;28;0;8;8;0
6;3;1;5;91;0;53;27;106;5;95;14;73;0
9;1;4;5;36;1;44;25;99;3;0;9;38;0
8;1;5;3;28;1;43;22;89;1;0;8;12;0
6;5;1;5;15;0;14;6;21;2;71;6;279;0
1;2;1;0;6;0;8;7;28;1;18;4;62;0
22;5;4;19;210;0;86;47;185;2;62;21;202;0
75;2;4;71;8515;0;2390;1680;7341;86;295;131;19;7
26;4;3;23;78;0;256;134;784;28;381;13;46;3
13;4;2;13;66;0;81;105;412;7;38;12;80;0
18;3;12;6;91;0;49;26;108;7;95;14;75;0
5;3;1;4;10;1;12;8;36;1;10;5;59;0
102;3;96;12;2926;8;290;308;840;11;41;77;72;1
5;3;1;4;190;0;74;42;158;9;95;20;73;0
2;6;1;1;28;0;26;18;56;2;405;8;100;0
3;1;2;1;21;0;11;22;71;4;0;7;8;0
5;1;4;1;3;0;7;3;12;1;0;3;8;0
18;2;1;17;780;0;405;316;1248;9;0;40;11;2
4;2;2;2;6;0;7;6;25;4;0;4;21;0
11;3;0;11;21;0;34;20;92;5;380;7;38;0
4;4;1;3;78;0;41;18;67;4;96;13;88;0
4;3;2;2;36;0;19;9;31;1;95;9;75;0
2;1;1;1;6;0;11;14;43;3;0;4;8;0
14;4;1;13;28;0;54;33;128;2;410;8;66;0
2;2;1;1;3;1;5;3;10;0;2;3;33;1
4;8;2;3;21;0;17;10;41;4;69;7;234;0
0;2;0;0;10;2;7;5;15;0;0;5;13;0
16;1;3;14;210;0;163;112;354;9;0;21;8;0
11;5;1;11;36;0;41;18;68;1;71;9;279;0
19;4;4;15;120;3;119;100;337;8;384;16;77;1
11;1;3;9;78;1;51;78;299;10;0;13;8;0
2;1;2;0;10;6;5;5;15;1;0;5;8;0
6;1;2;4;1378;4;241;117;423;5;0;53;8;0
9;2;7;2;300;0;43;28;96;15;95;25;70;0
6;1;6;0;10;2;5;0;0;5;0;5;8;0
13;2;1;12;136;0;53;40;123;12;0;17;32;0
39;1;3;36;351;2;248;171;639;20;0;27;10;2
1;6;0;1;28;0;13;9;32;1;384;8;79;0
5;2;2;3;15;0;14;8;27;1;141;6;35;0
9;1;7;2;66;0;21;25;78;4;0;12;8;0
6;2;4;3;66;0;30;14;53;3;95;12;68;0
20;5;10;11;28;4;55;37;105;2;384;8;87;0
10;6;1;9;15;0;87;53;226;2;415;6;117;0
4;3;1;3;3;0;8;4;15;2;1;3;31;0
2;2;0;2;10;26;13;5;15;0;95;5;68;0
14;1;6;8;10;0;29;15;80;39;0;5;8;0
21;3;0;21;28;1;78;38;124;1;34;8;78;0
13;4;1;12;28;0;70;25;158;7;381;8;46;0
3;5;1;2;6;0;13;10;28;0;34;4;87;0
7;3;1;6;66;0;33;16;62;2;38;12;119;0
22;5;14;9;28;6;30;19;63;1;384;8;87;0
8;1;3;5;136;1;31;34;127;21;0;17;8;1
14;5;1;13;28;0;73;58;253;2;412;8;94;0
5;3;1;4;36;0;56;69;261;13;0;9;18;0
19;1;18;1;231;0;48;34;95;20;0;22;8;0
13;3;2;11;21;0;31;14;57;1;25;7;82;0
5;4;5;0;0;0;1;1;3;1;6;1;27;0
16;2;11;5;666;0;169;131;485;9;28;37;30;0
7;3;2;5;91;0;53;27;106;5;95;14;73;0
5;3;1;4;91;0;51;27;106;5;95;14;73;0
4;2;4;0;66;0;14;12;38;1;152;12;41;0
20;6;9;12;105;0;100;49;186;6;61;15;207;0
33;1;27;6;105;0;287;392;974;218;0;15;8;1
4;1;1;3;3;0;18;7;36;1;0;3;10;0
37;1;35;2;91;0;34;52;136;15;0;14;8;0
6;4;1;5;15;0;34;46;146;4;61;6;45;1
33;1;3;31;253;0;346;197;781;5;0;23;15;0
11;3;6;6;153;0;69;37;136;9;97;18;84;0
4;1;3;1;10;0;11;6;26;7;0;5;8;0
15;2;4;11;171;1;76;56;152;6;6;19;24;0
34;1;9;28;2278;1;493;283;1119;33;0;68;33;1
35;4;19;20;1275;1;296;256;866;10;49;51;151;2
5;6;1;4;6;0;16;6;26;0;397;4;72;0
8;4;1;7;1;0;23;13;56;0;421;2;68;0
8;1;3;5;78;0;34;29;99;11;0;13;8;0
1;4;1;0;6;0;4;5;31;3;413;4;67;0
7;1;0;7;1;0;28;3;21;10;0;2;0;0
4;2;0;4;10;0;222;56;306;2;0;5;22;1
19;2;8;11;190;3;85;36;142;7;18;20;62;0
7;2;3;4;91;0;72;35;121;5;5;14;13;0
4;3;1;3;136;0;62;33;132;7;95;17;73;0
2;3;1;1;36;0;18;9;31;1;95;9;73;0
102;2;76;29;1540;2;225;132;505;23;16;56;18;1
10;1;6;5;171;2;78;33;149;4;2;19;8;0
5;5;1;4;3;0;24;14;41;0;397;3;94;0
4;3;2;2;55;0;27;13;45;3;95;11;73;0
3;5;3;0;1;0;3;2;7;1;54;2;138;0
1;1;0;1;1;0;8;4;21;6;0;2;23;0
0;1;0;0;1;0;2;2;6;2;0;2;8;0
1;1;1;0;6;1;4;2;6;16;547;4;20;0
48;2;36;18;378;3;111;95;314;17;391;28;31;0
7;1;6;1;1;0;3;2;6;313;0;2;0;1
14;4;2;12;36;0;45;22;77;0;28;9;91;0
2;7;1;1;28;0;26;18;56;2;397;8;102;0
4;5;1;3;6;0;17;6;25;2;397;4;64;0
14;1;1;13;465;0;181;107;356;15;0;31;8;0
12;1;0;12;21;0;88;39;200;9;0;7;8;0
7;2;2;6;6;0;25;6;38;1;18;4;62;0
4;2;1;3;3;0;11;10;37;2;2;3;15;1
0;1;0;0;1;0;3;2;6;0;0;2;8;0
2;1;1;1;820;0;45;41;145;1;0;41;8;0
8;4;3;6;55;0;46;58;154;16;61;11;45;1
26;2;1;25;1770;0;178;124;402;7;6;60;67;0
25;4;11;14;210;0;139;138;431;3;384;21;69;1
18;3;2;18;28;0;77;29;149;2;15;8;17;1
44;1;6;44;1326;0;794;468;2116;26;0;52;8;2
10;4;3;8;561;0;151;82;303;19;99;34;100;0
16;1;4;13;120;0;108;63;329;214;201;16;8;1
10;3;5;6;171;0;73;40;156;10;95;19;73;0
2;1;1;1;6;0;12;7;28;3;0;4;10;0
4;1;2;2;3;0;15;45;311;14;0;3;8;0
17;5;10;7;45;2;22;37;115;5;56;10;197;1
3;7;3;1;10;1;9;6;23;1;69;5;229;0
0;1;0;0;231;0;22;22;66;0;0;22;30;0
31;1;2;29;91;0;138;155;648;18;0;14;8;2
4;3;2;2;55;3;25;16;57;16;380;11;46;0
9;3;2;8;210;0;88;43;170;9;97;21;84;0
14;1;2;12;28;2;53;55;246;4;0;8;8;0
5;2;2;3;15;0;13;10;37;5;9;6;23;0
4;1;3;1;45;1;19;13;44;2;0;10;8;0
5;8;2;4;28;0;19;11;44;4;70;8;260;0
7;3;2;6;6;1;29;22;95;1;13;4;55;0
5;4;0;5;6;3;24;17;49;0;61;4;45;1
2;2;2;0;0;1;1;1;4;2;5;1;25;0
5;6;1;4;6;0;17;6;27;3;397;4;72;0
3;1;0;3;91;0;59;38;142;3;0;14;8;2
8;2;4;4;171;2;60;44;233;3;7;19;40;0
7;5;5;2;45;2;13;9;34;3;8;10;37;0
9;2;1;8;78;0;39;25;92;11;0;13;30;0
4;3;2;2;6;0;8;8;27;5;388;4;33;0
2;1;1;1;36;0;23;36;94;4;0;9;8;0
1;4;1;0;0;0;1;1;3;0;3;1;38;1
13;2;2;12;136;0;74;102;409;13;118;17;33;0
8;4;3;6;66;1;56;64;180;22;61;12;45;1
14;1;1;14;210;0;77;29;195;2;0;21;21;0
8;3;3;5;6;0;14;7;54;4;150;4;44;2
20;4;4;16;105;1;89;77;221;2;384;15;69;0
25;4;20;9;253;1;101;117;333;6;49;23;148;1
1;1;1;0;1;0;2;4;12;4;0;2;8;0
1;1;1;0;1;1;2;1;3;9;0;2;8;0
0;5;0;0;3;3;3;3;12;0;384;3;76;0
3;3;1;2;6;0;16;8;32;1;10;4;59;0
24;2;8;16;55;0;105;67;316;5;3;11;20;0
8;1;2;7;190;0;78;41;128;3;0;20;8;0
3;2;2;1;3;0;5;3;10;0;84;3;16;0
12;4;2;10;15;0;27;17;59;1;28;6;91;0
2;1;1;1;120;0;39;20;78;5;0;16;8;0
2;1;2;0;0;0;1;1;3;2;0;1;23;0
9;1;1;8;6;0;25;33;153;13;0;4;16;2
11;1;10;1;300;9;38;34;111;13;0;25;8;0
7;1;4;3;1;0;9;3;11;0;0;2;8;0
20;1;2;20;496;0;294;276;1117;28;0;32;8;0
3;3;1;2;21;0;13;9;32;1;2;7;17;0
9;4;1;8;78;0;40;25;101;1;398;13;56;1
3;3;1;2;3;0;6;5;22;3;1;3;31;0
4;2;4;0;66;0;14;13;40;2;152;12;41;0
13;3;5;10;231;0;81;139;468;20;119;22;40;0
3;4;1;2;0;0;5;1;10;2;43;1;33;0
2;1;2;0;91;3;20;30;79;4;0;14;8;0
2;2;2;0;0;0;1;1;3;0;2;1;33;0
6;6;1;5;3;0;24;15;59;0;394;3;102;0
15;6;1;14;91;0;289;179;799;0;415;14;117;0
2;2;1;1;15;0;13;9;30;3;1;6;12;0
11;2;1;11;66;0;71;87;222;1;68;12;33;1
7;2;0;7;55;0;34;34;158;9;4;11;33;0
3;1;3;0;6;0;5;1;10;0;0;4;8;0
2;3;2;0;0;0;1;0;0;3;4;1;19;0
16;5;1;15;6;0;118;83;311;2;426;4;94;2
8;4;2;7;171;0;63;30;118;9;99;19;100;0
1;2;1;0;0;0;1;1;3;0;2;1;33;0
3;6;2;1;55;0;24;19;63;8;385;11;95;0
4;3;1;3;105;0;48;25;96;5;95;15;73;0
4;1;2;3;15;7;13;7;24;3;5;6;13;0
2;3;1;1;1;0;3;2;7;1;1;2;30;0
7;3;2;5;120;0;59;27;108;7;95;16;73;0
8;2;6;2;91;2;19;5;15;0;95;14;68;0
3;4;1;2;3;0;9;4;22;0;410;3;66;0
2;5;2;0;3;1;6;5;16;0;388;3;78;0
4;6;0;4;10;0;16;16;85;2;385;5;79;0
12;3;1;11;15;0;85;40;232;7;380;6;38;0
4;1;3;1;55;0;281;480;2140;262;0;11;8;2
6;1;3;3;1;0;18;11;51;1;0;2;8;1
0;3;0;0;1;0;2;2;6;1;159;2;30;0
4;3;1;3;15;1;20;14;51;3;2;6;19;0
26;2;22;4;10;22;17;10;48;1;95;5;68;0
35;2;27;8;55;19;38;21;99;0;380;11;27;0
9;2;5;5;153;0;61;31;121;8;95;18;68;0
3;6;1;2;3;0;11;9;23;0;394;3;107;0
4;4;2;3;21;1;15;11;30;1;52;7;127;0
29;2;2;28;120;0;106;60;282;5;28;16;25;0
5;1;2;3;55;0;24;23;78;5;0;11;8;0
2;6;0;2;21;0;14;11;38;1;384;7;79;0
4;2;3;1;10;3;6;5;15;2;2;5;14;0
3;5;3;0;10;0;6;4;12;2;8;5;33;0
13;5;0;13;36;0;142;141;445;9;412;9;94;0
7;3;0;7;15;0;22;8;38;1;2;6;17;0
4;6;1;3;3;0;16;14;38;1;394;3;107;0
4;2;1;3;15;0;11;8;28;5;0;6;24;0
20;5;2;18;231;4;197;168;547;10;384;22;85;6
13;2;1;13;10;0;66;31;141;0;18;5;62;0
7;2;1;7;55;1;36;56;186;8;4;11;33;0
11;1;5;9;21;0;59;20;128;2;0;7;8;0
17;5;11;6;276;0;54;56;193;10;9;24;42;0
13;5;1;12;10;1;65;49;142;5;392;5;93;0
13;2;6;8;435;2;133;112;392;12;3;30;30;0
58;1;25;40;2080;0;413;217;1058;182;0;65;0;4
13;3;1;12;66;0;352;258;1081;14;1;12;40;1
2;1;1;1;6;0;10;5;17;1;0;4;11;0
15;1;12;3;45;5;15;14;67;3;0;10;8;0
4;2;2;2;66;0;32;17;63;3;95;12;68;0
6;3;1;5;36;0;26;34;123;3;135;9;67;0
14;7;3;13;91;1;59;23;81;0;69;14;229;2
9;2;4;5;78;1;34;53;193;4;402;13;8;1
16;2;1;15;153;0;220;113;638;2;133;18;46;1
18;2;8;10;6;2;78;60;189;4;380;4;27;0
47;1;34;13;528;9;2062;898;1500;1;151;33;8;0
6;3;2;5;171;0;72;38;137;10;95;19;73;0
4;3;1;3;6;0;9;7;33;5;1;4;31;0
30;4;6;25;528;1;179;103;356;3;64;33;162;0
7;6;2;5;6;0;22;10;38;0;386;4;95;0
5;2;3;2;28;0;16;15;35;2;0;8;16;0
46;2;15;38;741;0;285;172;644;11;47;39;32;3
12;5;1;11;78;0;77;27;127;0;67;13;194;0
2;5;2;0;1;0;3;2;7;1;54;2;143;0
6;6;0;6;28;1;25;35;110;3;385;8;79;0
0;1;0;0;0;5;0;0;0;129;282;0;8;4
20;1;4;16;378;0;246;142;560;17;0;28;8;1
9;2;0;9;21;0;49;20;144;3;19;7;15;0
7;3;2;6;153;0;60;31;123;5;95;18;73;0
10;2;1;9;45;1;77;37;155;5;18;10;18;1
17;1;1;16;15;0;55;31;140;2;12;6;11;0
0;1;0;0;0;0;1;1;3;1;0;1;22;0
19;2;1;18;55;0;109;48;240;10;17;11;19;0
5;1;1;4;28;1;25;7;23;0;0;8;8;0
11;2;1;10;6;0;27;12;44;5;12;4;31;0
6;2;2;4;15;1;18;12;50;5;1;6;12;0
7;2;1;7;55;0;31;15;48;3;0;11;13;0
13;2;1;13;351;0;249;291;747;0;4;27;44;8
2;1;2;0;1;0;2;10;42;13;0;2;8;0
10;1;3;7;10;1;39;18;64;3;0;5;8;1
12;2;2;10;153;0;110;75;370;10;9;18;10;0
5;2;1;5;105;0;56;28;109;5;95;15;68;0
2;3;1;1;1;0;7;4;12;0;387;2;32;0
20;1;2;18;28;0;78;33;141;10;0;8;8;0
17;5;4;13;253;4;498;418;1782;3;412;23;94;0
6;1;4;2;45;3;13;6;18;0;0;10;8;0
4;7;3;2;15;1;12;7;26;1;69;6;298;0
8;2;1;8;6;0;29;8;41;0;18;4;62;0
6;2;4;2;6;0;6;6;18;3;0;4;15;0
5;1;2;3;3;0;59;52;155;32;0;3;8;0
15;4;8;10;351;0;143;150;533;10;49;27;148;1
8;4;1;7;15;0;44;38;142;3;384;6;69;0
2;5;0;2;6;0;8;4;13;1;69;4;54;1
7;3;1;7;120;0;70;35;141;7;95;16;73;0
1;1;1;0;120;1;40;27;105;12;0;16;15;0
144;1;131;30;2850;3;836;972;2877;13;249;76;8;8
1;1;1;0;0;0;3;1;3;0;0;1;8;0
2;1;1;1;0;0;2;1;4;2;0;1;23;0
2;3;0;2;1;0;6;4;15;1;6;2;18;0
7;2;1;6;21;0;17;8;57;0;28;7;25;0
3;6;0;3;15;0;16;10;39;0;415;6;93;0
156;2;129;36;81003;1;2603;1033;6571;5;4;403;13;8
1;6;1;0;21;0;12;7;23;2;385;7;98;0
34;2;17;25;325;0;362;310;1091;2;262;26;80;1
3;2;3;0;3;0;8;3;12;1;0;3;10;0
2;3;0;2;3;3;13;9;39;4;380;3;38;0
9;3;1;8;21;0;47;74;222;1;388;7;33;0
27;1;5;23;3160;0;752;764;3184;39;35;80;8;9
8;3;8;0;15;3;6;6;18;3;4;6;19;0
3;5;2;1;3;0;5;3;10;1;53;3;134;0
7;1;4;4;45;1;20;8;30;0;0;10;8;0
4;3;4;0;0;1;1;1;3;1;6;1;26;0
16;2;7;9;78;0;36;39;184;10;4;13;33;0
4;2;1;3;28;0;15;10;38;7;0;8;26;0
2;1;1;1;36;0;24;36;94;4;0;9;8;0
20;1;13;7;36;0;54;37;149;8;0;9;8;0
8;1;1;7;465;0;82;67;235;5;39;31;30;0
24;6;2;22;435;3;334;331;986;10;387;30;94;7
3;2;1;2;21;0;32;17;72;10;3;7;21;0
5;8;1;4;3;0;15;7;43;0;388;3;109;0
12;5;1;11;3;0;25;11;43;1;67;3;47;0
86;1;68;25;46665;1;1603;1542;6017;42;0;306;8;3
6;3;1;5;105;0;76;41;166;3;95;15;73;1
14;3;1;13;21;0;74;53;231;0;22;7;68;0
15;2;3;12;666;0;170;92;395;6;42;37;310;2
6;1;2;5;55;0;32;61;270;36;0;11;8;0
1;1;1;0;0;0;1;1;3;6;0;1;23;0
4;2;1;3;6;0;10;9;24;1;11;4;22;0
12;2;3;9;10;3;23;11;63;1;18;5;62;0
1;2;1;0;6;0;12;6;26;1;0;4;11;0
13;1;3;10;10;0;36;43;129;1;0;5;8;0
4;8;2;2;21;0;25;16;67;6;388;7;109;0
2;2;1;1;3;0;4;3;12;2;2;3;33;0
2;1;0;2;6;0;16;22;60;3;0;4;8;0
2;1;1;1;6;0;10;14;44;3;0;4;8;0
15;3;2;13;91;0;46;43;128;4;15;14;70;0
3;3;1;2;3;0;5;5;21;3;1;3;31;0
6;1;5;1;3;0;5;3;11;6;0;3;8;0
6;6;1;5;55;0;29;20;75;3;398;11;99;0
5;3;3;2;6;1;7;5;25;1;3;4;17;0
2;3;1;1;3;0;6;3;10;1;32;3;21;0
4;3;1;3;105;0;48;25;97;5;95;15;73;0
6;1;1;5;136;0;69;45;212;12;114;17;8;0
10;1;2;8;153;2;78;40;137;1;39;18;8;0
11;3;5;6;78;3;25;15;53;1;95;13;75;0
5;1;3;2;15;0;9;8;21;2;2;6;10;0
0;4;0;0;1;0;2;3;7;1;43;2;33;0
2;2;1;1;10;0;6;17;29;3;0;5;11;0
6;3;1;5;120;0;64;32;128;7;95;16;73;0
7;5;1;6;10;0;31;25;100;3;69;5;54;1
26;4;8;18;21;3;79;62;209;1;396;7;57;0
13;1;1;13;66;0;116;68;254;2;0;12;8;0
34;3;1;33;1176;0;262;166;1189;8;427;49;96;1
5;2;4;1;21;3;8;7;24;1;95;7;68;0
2;6;2;0;0;0;2;1;7;2;74;1;56;1
4;7;1;3;36;0;31;22;76;2;406;9;115;0
8;1;1;7;45;0;69;43;166;15;0;10;8;1
3;1;2;2;21;0;17;25;79;4;0;7;8;0
3;7;3;1;10;1;9;6;23;1;70;5;255;0
33;4;11;23;190;2;150;94;312;0;52;20;141;0
36;2;7;31;703;0;331;148;909;27;12;38;36;1
0;1;0;0;0;0;0;0;0;1;204;0;8;1
10;1;5;5;78;0;70;68;235;0;0;13;8;0
18;3;11;7;120;3;35;17;61;2;97;16;84;0
4;3;1;3;78;0;39;19;75;4;95;13;73;0
26;3;4;22;1225;1;230;188;849;7;406;50;20;0
3;3;1;3;66;0;37;19;72;3;95;12;73;0
3;6;1;2;10;0;15;9;46;3;386;5;85;0
10;1;4;7;36;1;31;23;75;6;5;9;13;0
11;3;0;11;15;0;60;32;163;5;380;6;38;0
125;1;82;48;5356;0;632;520;1892;14;0;104;8;4
0;1;0;0;0;0;1;1;4;3;0;1;23;0
3;3;1;2;231;0;25;22;66;1;19;22;27;0
3;1;3;0;1;0;2;1;3;0;0;2;8;0
16;2;1;16;55;0;60;85;256;1;68;11;33;3
2;1;1;1;3;0;8;4;18;4;0;3;8;0
4;5;1;3;3;0;21;12;44;0;397;3;94;0
2;1;1;1;10;1;9;5;38;4;0;5;8;0
33;1;8;28;231;0;168;79;419;21;0;22;8;1
7;3;0;7;6;0;21;9;44;3;19;4;67;1
10;3;1;9;105;0;39;27;89;1;50;15;118;0
12;3;1;11;10;0;58;36;152;3;19;5;67;0
3;4;1;2;55;0;32;15;54;2;96;11;88;0
9;4;3;6;36;2;53;65;240;8;61;9;45;1
3;7;1;2;3;0;10;5;16;0;384;3;99;0
110;1;70;61;7381;0;1026;489;2475;97;0;122;8;9
15;1;7;8;36;0;40;15;70;4;0;9;8;0
6;2;1;5;45;0;39;22;72;5;0;10;18;0
15;2;0;15;21;0;77;51;195;2;8;7;19;1
14;3;8;7;435;0;117;65;257;16;95;30;82;0
12;6;6;6;28;2;18;10;41;0;384;8;91;0
3;1;1;2;6;0;11;10;42;2;0;4;8;0
4;6;0;4;10;0;16;16;85;1;385;5;79;0
5;1;2;3;36;0;24;31;115;5;0;9;16;0
5;3;1;5;10;0;17;10;40;1;12;5;45;0
20;3;2;19;55;0;79;46;231;2;408;11;58;2
2;3;1;1;10;0;9;5;18;2;387;5;35;0
2;1;2;0;10;0;5;0;0;0;0;5;8;0
17;1;2;16;351;0;306;157;606;13;0;27;8;1
7;3;1;7;6;0;34;38;166;16;37;4;72;2
15;1;5;10;36;0;37;19;74;3;0;9;8;0
8;4;4;4;105;0;58;28;110;5;97;15;79;0
5;3;1;5;120;0;54;29;101;8;95;16;73;0
1;1;1;0;1;0;2;1;3;0;0;2;8;0
51;4;22;34;990;0;243;124;549;2;63;45;161;0
2;1;1;1;21;0;11;22;74;4;0;7;8;0
25;2;20;6;66;1;45;52;199;6;3;12;10;1
4;2;1;3;28;0;15;10;38;7;0;8;26;0
4;1;2;2;15;1;10;15;32;1;0;6;8;0
11;5;1;10;36;2;49;48;150;2;413;9;84;0
2;2;1;1;0;0;2;1;4;0;2;1;33;0
4;2;3;1;6;0;7;11;27;0;7;4;17;0
69;4;28;51;3081;2;442;216;830;4;68;79;200;1
26;1;2;25;21;0;61;37;162;8;0;7;8;0
2;1;1;1;3;0;8;3;12;1;0;3;0;0
18;1;7;13;630;1;267;292;736;5;0;36;8;3
8;4;1;7;120;0;45;22;89;2;50;16;174;0
2;7;1;1;10;0;8;6;17;2;396;5;102;0
5;6;2;3;45;0;27;17;63;6;386;10;95;0
6;5;3;3;10;0;14;9;34;2;388;5;78;0
15;2;1;14;630;0;113;119;435;17;2;36;41;0
3;6;0;3;15;0;16;18;72;1;385;6;79;0
12;2;3;9;3828;2;340;283;1384;25;402;88;8;0
6;4;2;4;66;1;30;18;57;2;52;12;131;0
3;1;2;1;3;0;4;4;13;1;0;3;8;0
3;7;1;2;3;0;8;4;17;4;419;3;115;0
12;5;3;9;55;1;41;19;67;0;68;11;199;0
24;1;6;19;325;0;150;74;281;4;0;26;8;1
3;2;1;2;3;0;8;8;25;1;8;3;19;0
4;5;4;0;36;2;9;11;34;3;384;9;85;0
8;3;1;8;210;0;78;36;141;9;97;21;84;0
20;3;1;20;78;0;89;100;274;1;69;13;37;1
21;6;3;19;78;1;67;34;120;0;69;13;216;0
35;2;4;34;741;0;369;331;1106;7;0;39;43;1
6;3;1;5;55;0;21;34;107;6;5;11;40;0
3;8;1;2;3;0;11;4;21;0;388;3;110;0
3;3;1;2;3;0;9;5;15;1;58;3;37;0
2;4;1;1;6;0;10;5;23;4;384;4;41;0
8;3;4;4;91;0;53;27;107;6;95;14;76;0
15;2;2;15;28;0;73;46;190;9;18;8;62;0
2;1;1;1;3;1;4;3;19;6;0;3;8;0
4;1;4;0;28;0;8;8;24;2;0;8;8;1
66;2;56;19;1540;4;244;235;724;9;28;56;16;3
38;1;3;35;120;0;174;150;629;10;0;16;9;0
14;7;2;12;45;1;91;61;244;1;387;10;101;1
2;6;1;1;28;0;26;18;56;2;408;8;101;0
3;2;1;2;3;0;19;11;79;4;8;3;19;0
7;2;4;3;21;0;24;19;71;5;1;7;12;0
37;4;7;33;666;1;297;293;947;9;49;37;148;1
9;5;1;9;78;0;78;33;129;0;57;13;202;0
16;2;1;15;55;0;78;37;281;4;18;11;62;0
44;2;21;28;406;0;280;226;687;13;262;29;80;4
2;2;2;0;0;0;1;1;3;0;2;1;33;0
2;1;2;0;0;0;1;1;3;1;0;1;23;0
24;2;19;6;703;1;84;342;1440;12;8;38;46;0
3;3;1;2;3;0;5;3;11;2;1;3;31;0
3;5;1;2;3;0;10;4;17;2;387;3;75;0
11;1;1;10;36;0;65;66;198;2;12;9;11;0
2;1;2;0;0;0;1;1;3;1;0;1;23;0
11;2;3;8;28;0;104;260;796;7;219;8;55;0
1;5;1;0;3;5;3;3;11;1;384;3;76;0
18;3;5;13;45;0;118;94;308;0;274;10;103;2
2;3;1;1;1;0;7;4;12;0;387;2;32;0
0;1;0;0;1;2;2;1;3;3;0;2;8;0
9;6;2;7;15;1;27;14;48;3;386;6;95;0
35;3;25;10;153;9;94;88;306;11;52;18;27;1
7;2;0;7;190;0;47;29;87;2;6;20;30;0
8;2;4;4;780;0;105;100;347;49;20;40;25;1